id,target
1000655,0.07492151
1000963,0.07052508
1001129,0.0057173837
1001963,0.07853232
1002283,0.009592227
1002397,0.156169
1002533,0.04533271
1002712,0.066379145
1002879,0.2606921
1003703,0.045507856
1004479,0.073414125
1004720,0.02151285
1006451,0.909711
1006948,0.02273876
1007043,0.10490892
1007141,0.08405399
1007736,0.23114319
1008181,0.14819556
1009468,0.24060172
1009764,0.004620849
1009858,0.53512317
1010130,0.041304667
1010260,0.05316457
1010364,0.014746567
1010802,0.008607329
1010893,0.063432656
1011064,0.011831403
1011272,0.085204445
1011374,0.017211802
1011845,0.35780653
1011979,0.195706
1012325,0.034220252
1012519,0.011492445
1012865,0.008364768
1013035,0.017707221
1013244,0.025898697
1013413,0.18938993
1013785,0.031721625
1014125,0.11171495
1014867,0.3590512
1015024,0.017929927
1015886,0.26646355
1016416,0.051633734
1016825,0.016936574
1016853,0.014559526
1017155,0.6597128
1017592,0.023936015
1018193,0.046035826
1018440,0.046931658
1019103,0.0052935774
1019818,0.057972956
1020128,0.019893615
1020197,0.06767016
1020220,0.033397373
1021193,0.005516335
1021318,0.080689386
1021382,0.23800991
1021734,0.078463234
1022029,0.08799618
1022723,0.13761446
1023228,0.049274288
1023756,0.01563647
1023878,0.027973661
1024100,0.027798498
1024348,0.018899681
1024391,0.054013334
1024831,0.04155004
1025792,0.008697058
1025827,0.04623188
1025982,0.18083934
1026030,0.012341534
1026034,0.0181158
1026204,0.072225235
1026523,0.27828008
1027558,0.014653689
1028247,0.19922766
1028481,0.019536326
1029054,0.12321437
1029067,0.01344097
1029106,0.3702795
1030200,0.0056101214
1030369,0.040879026
1030443,0.10324392
1030580,0.06252027
1030758,0.07667166
1031214,0.34570017
1032843,0.18628971
1033115,0.098770216
1034623,0.26182753
1035179,0.017879685
1035363,0.03796184
1036152,0.2048108
1036943,0.010529091
1037204,0.020690376
1037215,0.06402112
1037874,0.0955281
1038109,0.04781069
1038258,0.03660573
1038741,0.17745423
1038830,0.13317287
1039007,0.049096305
1039047,0.6183101
1039084,0.0012442826
1039240,0.21787426
1039304,0.6831284
1039391,0.03978545
1039940,0.5826313
1040158,0.015003532
1040575,0.021823147
1041331,0.012428297
1041362,0.061088014
1041389,0.30192304
1041475,0.02274038
1041672,0.045988485
1041817,0.79678166
1042169,0.06509335
1042376,0.023584493
1042422,0.106108226
1042537,0.009568931
1042567,0.043055598
1043216,0.29261127
1043314,0.854196
1043496,0.067331895
1043883,0.018130213
1044360,0.0043617133
1044483,0.036750782
1044669,0.015810058
1044785,0.70968
1044815,0.10230451
1045857,0.091660164
1046525,0.008208078
1046540,0.05038698
1046577,0.051193047
1046728,0.033408105
1047508,0.018851474
1048010,0.012200476
1048109,0.04521559
1048202,0.008149065
1048219,0.25783947
1048479,0.15942381
1049086,0.0113300765
1049296,0.09004922
1049500,0.027801074
1050087,0.17252761
1050111,0.077962406
1050360,0.61710656
1050447,0.09717139
1050656,0.33428934
1050956,0.022695625
1051448,0.21846391
1051658,0.107080735
1052232,0.0627675
1055054,0.00854903
1055294,0.02419742
1055301,0.57064927
1055523,0.040690254
1055658,0.0031875372
1055841,0.0021073672
1056776,0.5814733
1056967,0.0018863839
1057425,0.054646615
1058830,0.027396861
1059273,0.021275537
1059547,0.05839321
1059609,0.123357266
1059984,0.03664229
1061146,0.15425788
1061255,0.03272974
1061576,0.004434405
1062424,0.082879364
1062624,0.009254896
1062844,0.092952564
1063028,0.84684604
1063536,0.02267973
1063982,0.09960082
1064274,0.03501112
1064406,0.9287313
1065538,0.14732668
1065798,0.12575091
1066346,0.027284708
1066659,0.13886094
1066956,0.052113794
1067491,0.048583597
1067822,0.032067973
1068767,0.026201915
1069497,0.047559004
1072231,0.17446598
1072431,0.06674508
1072980,0.08836272
1073554,0.24847426
1073695,0.006035287
1073833,0.022737008
1073897,0.11528307
1073975,0.010325301
1075022,0.16691928
1075085,0.008368527
1075247,0.10809463
1075905,0.022692934
1075974,0.62384474
1076216,0.044831064
1076537,0.015326174
1076993,0.012836777
1077366,0.03035239
1077397,0.05476762
1078607,0.029144887
1079208,0.11362141
1080639,0.28559786
1081199,0.0055553224
1082144,0.011109035
1082596,0.13456966
1083117,0.25304243
1083593,0.26802397
1083609,0.026171388
1083734,0.008998151
1083980,0.018066697
1084137,0.008876568
1084425,0.15489933
1084585,0.06730341
1084662,0.015536731
1084802,0.035319757
1084874,0.082228445
1085004,0.11705075
1085028,0.40711603
1085039,0.041543365
1085268,0.008944361
1085609,0.011248092
1086577,0.067647025
1087034,0.02096776
1087231,0.031108687
1087398,0.020422466
1088045,0.014053825
1088914,0.064629644
1088968,0.46130073
1089054,0.034722533
1089840,0.06460811
1090037,0.051710118
1090823,0.07815993
1090994,0.03855145
1091255,0.07316346
1091531,0.10409162
1092119,0.08523746
1093239,0.020864114
1093522,0.06314875
1093955,0.14459756
1094079,0.009501321
1094411,0.029229466
1094755,0.008540651
1095774,0.25973988
1096076,0.046514623
1096095,0.36149925
1096227,0.010377447
1096316,0.10574458
1096684,0.071060054
1096700,0.9197093
1097039,0.04581759
1097224,0.16288573
1097507,0.0104735475
1097545,0.056201875
1097679,0.09628195
1098306,0.20829417
1098679,0.117532544
1098991,0.07784007
1099270,0.082201466
1099489,0.2562395
1099687,0.07599004
1099691,0.10872063
1100416,0.0057613035
1100451,0.2005345
1100724,0.032150153
1100749,0.053458266
1101830,0.18373798
1102882,0.15368226
1102959,0.009508536
1103186,0.048081353
1103763,0.009878675
1104210,0.05212567
1104678,0.0061770803
1105378,0.029214898
1105423,0.019067913
1105787,0.034113966
1106220,0.14779606
1106360,0.0072628018
1107543,0.0068845307
1107762,0.10316018
1108056,0.008610934
1108659,0.01672882
1109293,0.09754743
1109825,0.018230563
1109872,0.052794263
1110035,0.2853529
1111026,0.03674922
1111461,0.41881454
1111845,0.13850793
1112077,0.09922043
1112202,0.15357059
1112562,0.19781871
1112854,0.0563376
1112990,0.011206454
1113139,0.1450869
1113733,0.042566597
1114068,0.025493937
1114904,0.1242532
1115262,0.07596577
1115402,0.069993876
1115471,0.06970865
1115577,0.15768701
1115753,0.060542416
1116029,0.032419037
1116571,0.038222898
1116703,0.009339804
1117660,0.010257365
1117731,0.019726766
1117734,0.029324533
1117870,0.16089794
1117946,0.030610131
1118080,0.069548175
1118525,0.014712984
1118735,0.0061064893
1119774,0.0051619243
1120093,0.042190768
1120185,0.024441196
1120262,0.064277634
1120600,0.03917028
1120784,0.0065761227
1120917,0.13454486
1121235,0.043077186
1121300,0.59469926
1121455,0.0899102
1121787,0.09624806
1122027,0.36734423
1122455,0.21181434
1122562,0.25290242
1122711,0.1006913
1123403,0.013716016
1124681,0.10064596
1125234,0.22756444
1125424,0.21297486
1125658,0.013292012
1125995,0.4175327
1126012,0.11436092
1126165,0.01817344
1126402,0.006671753
1126697,0.23010817
1126802,0.0088334
1126856,0.018830752
1127117,0.14323264
1127437,0.006927611
1127759,0.06718189
1128274,0.03279933
1128284,0.015155881
1128806,0.4573225
1129301,0.17039013
1130035,0.015282705
1130922,0.16436617
1131882,0.53653073
1132297,0.02398094
1132321,0.07457939
1132747,0.037747018
1132942,0.22709368
1133573,0.08467522
1133829,0.21373098
1134032,0.16479649
1134193,0.02419483
1134391,0.006229806
1134814,0.044471413
1134833,0.2618866
1135721,0.032623045
1136261,0.734006
1136519,0.015415792
1136752,0.053549495
1138843,0.01980619
1138874,0.008830228
1138878,0.03868568
1139273,0.14162682
1139451,0.045479666
1140621,0.034765583
1140645,0.07948558
1140717,0.0085948985
1140791,0.06622284
1141017,0.21420883
1141941,0.0722118
1141990,0.058012255
1142300,0.037569687
1142630,0.29482222
1142659,0.0196027
1142693,0.036787692
1142910,0.0038495355
1144370,0.28352123
1144592,0.12968597
1146071,0.06954103
1146218,0.1067601
1146323,0.028101286
1146605,0.27325332
1146703,0.008908668
1146962,0.049963016
1148410,0.027963907
1148917,0.039962344
1149347,0.012328277
1149913,0.15437599
1149955,0.02175491
1150305,0.31507736
1150463,0.029928999
1150536,0.06948015
1150680,0.71446353
1150968,0.11081595
1151373,0.016240906
1151969,0.013465064
1152059,0.35112724
1152261,0.004165797
1152798,0.06282981
1152989,0.0039322106
1153635,0.040045306
1154114,0.052419815
1154773,0.4031457
1154814,0.032109294
1156181,0.10486587
1156460,0.009653636
1156983,0.043354504
1157242,0.047607858
1157411,0.01780745
1157755,0.024173021
1158374,0.06721991
1158526,0.74276733
1158807,0.20586911
1158937,0.023930779
1159490,0.010539683
1159569,0.14082965
1160224,0.10954206
1160364,0.09060113
1160788,0.007620132
1161080,0.15026025
1161132,0.027524246
1161146,0.09528721
1161668,0.77298087
1162033,0.15572117
1162475,0.037929088
1163521,0.1561777
1163550,0.046931207
1163946,0.024499908
1164214,0.018604437
1164325,0.18228436
1164399,0.022144176
1165700,0.10416217
1165768,0.014818632
1165803,0.10316124
1165912,0.0052431375
1165992,0.017750485
1166285,0.0040210304
1166312,0.1794598
1166860,0.22099699
1166885,0.05501517
1167453,0.062911056
1167535,0.0012392534
1167705,0.044762857
1168308,0.018796265
1168625,0.017956873
1169042,0.0048102364
1169050,0.013123716
1169752,0.03396918
1169808,0.24987513
1169941,0.024723679
1170249,0.094649486
1170276,0.0045092446
1170384,0.02510642
1170637,0.0059317523
1171178,0.024604727
1171379,0.12212836
1171585,0.14366606
1171667,0.021341428
1171960,0.017883636
1172063,0.032444227
1172243,0.037366778
1172533,0.1254746
1172643,0.015907258
1172824,0.1478411
1173229,0.09792781
1174224,0.01974286
1175495,0.06401634
1175904,0.16807318
1176525,0.074706644
1176606,0.006979522
1177439,0.7572613
1177536,0.014481419
1178383,0.0989116
1178524,0.046805065
1178536,0.011440164
1179001,0.05393378
1179394,0.010091377
1180535,0.046280053
1180653,0.14083347
1180821,0.0054685045
1181097,0.96164125
1181690,0.13953862
1182149,0.035362065
1182158,0.10087283
1182207,0.0029322251
1183334,0.09336585
1183877,0.012410021
1183920,0.05396657
1184009,0.057214312
1184110,0.13231741
1184393,0.04058281
1184486,0.0018902887
1184668,0.0131971575
1184726,0.4288208
1185012,0.03526185
1185413,0.12624021
1185426,0.8059251
1185483,0.027524468
1185502,0.08858207
1185929,0.11737667
1186055,0.022273742
1186145,0.20735665
1187001,0.013917278
1187144,0.25618783
1187426,0.23884824
1187791,0.026832884
1188135,0.012864505
1188254,0.036501043
1188376,0.096544005
1188869,0.031687
1188897,0.0418023
1189512,0.3877753
1189654,0.03640391
1190111,0.011269664
1190605,0.008867448
1191174,0.020592041
1191527,0.070290856
1191626,0.3639507
1191657,0.06933723
1191698,0.029360412
1192023,0.13669352
1192388,0.041098803
1192576,0.19912064
1192721,0.042117633
1192841,0.6223681
1192998,0.025285501
1193050,0.01751485
1193313,0.031740695
1193739,0.004556873
1194436,0.15250601
1194820,0.14159617
1195350,0.46543276
1195435,0.05262076
1195539,0.025461562
1196112,0.023701297
1196289,0.052789018
1197046,0.24503957
1197061,0.14471659
1197938,0.0707894
1197963,0.051487785
1198004,0.47595188
1198072,0.04074507
1198209,0.021630883
1198972,0.031853907
1199056,0.021353552
1199332,0.019335952
1199503,0.1628182
1199742,0.33302152
1199752,0.23649366
1200364,0.019144261
1200696,0.026186984
1200865,0.0451085
1201359,0.093418695
1201663,0.03010317
1202241,0.091950886
1202299,0.6069845
1202456,0.006048781
1203816,0.0116136065
1204510,0.019281654
1204628,0.32612666
1205188,0.07470048
1205273,0.1384281
1205492,0.07046443
1205759,0.22066109
1206052,0.025902636
1206427,0.13392802
1206718,0.19110632
1207182,0.018534498
1207288,0.029023567
1207444,0.11100571
1207563,0.004637607
1208044,0.22315681
1208357,0.035636544
1208816,0.44476444
1209135,0.072889216
1209140,0.004472049
1210097,0.5559763
1210377,0.0169626
1210741,0.22275577
1210962,0.07001118
1211030,0.34062338
1211486,0.039643485
1211518,0.032222312
1212570,0.045158315
1212581,0.032383554
1212626,0.45426852
1213061,0.002153829
1213294,0.04525114
1213431,0.051524796
1213522,0.012431399
1213654,0.26306927
1213862,0.0557845
1214112,0.02892691
1214476,0.02373727
1214762,0.06373753
1215097,0.054502122
1216050,0.12624745
1216359,0.014265316
1216461,0.05061721
1216583,0.11028293
1217227,0.763245
1217293,0.11073953
1219041,0.094872266
1219290,0.023354186
1219301,0.30044124
1219322,0.70521474
1219533,0.03314844
1219583,0.010585106
1219690,0.10402756
1220589,0.012573944
1220634,0.09822473
1220683,0.014698591
1220692,0.0041762725
1221262,0.023463875
1221282,0.0088881375
1221363,0.10970347
1221913,0.007650883
1222184,0.036578584
1222603,0.026747834
1222773,0.13430066
1222841,0.18539776
1222851,0.02629141
1223023,0.15024348
1223442,0.14206019
1223525,0.08210669
1223729,0.025836306
1223757,0.025977021
1223922,0.045384362
1224005,0.08323716
1224182,0.01624297
1224223,0.2060316
1224440,0.57255733
1224588,0.7618073
1224820,0.06753981
1224970,0.11673775
1225044,0.05852885
1225221,0.30663067
1225305,0.032762464
1225467,0.0153032
1225623,0.071091995
1225627,0.2587415
1226503,0.010766706
1226642,0.050627235
1226996,0.06838306
1227494,0.013615295
1227847,0.27150053
1228858,0.033698592
1229578,0.1058771
1230361,0.07556505
1230631,0.009546568
1230737,0.010246397
1231096,0.10547953
1231176,0.03840208
1231204,0.011632417
1231700,0.073353216
1231819,0.33515242
1232013,0.047053292
1232019,0.06899771
1232236,0.053460654
1232486,0.008392687
1232692,0.011787298
1233552,0.038064692
1234048,0.40070343
1234361,0.025639903
1234904,0.3280181
1235248,0.049827646
1235603,0.6240485
1236266,0.054475367
1236327,0.07991868
1236338,0.011351499
1237037,0.031033779
1237117,0.20002478
1237512,0.026444448
1237867,0.06544905
1239074,0.03230544
1239205,0.044191588
1239536,0.034093242
1240119,0.040772997
1240185,0.070590295
1240636,0.087585956
1240760,0.08760547
1240777,0.04548335
1240837,0.74004257
1240846,0.018465064
1241663,0.017602675
1241816,0.6910012
1243433,0.1732081
1243843,0.031832535
1244410,0.2724207
1245121,0.1337308
1245369,0.014476655
1245743,0.03664357
1246096,0.06375714
1246745,0.202323
1246969,0.0051114154
1247121,0.009446711
1247199,0.04591491
1247765,0.027696615
1247769,0.7300388
1248040,0.122258134
1248787,0.08438463
1248789,0.6056834
1249136,0.042905983
1250120,0.052959744
1250466,0.43904826
1251030,0.30436802
1251491,0.02440434
1251557,0.06920355
1251939,0.14788678
1251990,0.026048034
1252099,0.1486613
1253883,0.10104803
1254827,0.039341584
1254948,0.16139334
1255487,0.25419945
1255516,0.16200173
1255599,0.027742956
1255893,0.22380787
1256753,0.12872085
1256803,0.04795746
1257552,0.024291577
1257715,0.012254232
1259449,0.03916164
1259611,0.33916897
1259638,0.030856483
1260685,0.011425624
1261569,0.012052054
1261706,0.03535421
1261737,0.05837633
1261938,0.028372807
1264476,0.06918951
1265623,0.3831934
1266050,0.04382007
1267693,0.0957382
1268420,0.03207174
1268939,0.0163395
1269149,0.041004643
1269439,0.26904842
1269450,0.010373981
1269663,0.015932553
1269930,0.01474929
1270233,0.0070936643
1270265,0.08191519
1270779,0.122120865
1270865,0.15043463
1271369,0.219458
1271403,0.05446887
1271837,0.017489726
1271876,0.026481763
1272488,0.10410873
1272840,0.09373103
1273822,0.05806208
1273892,0.038319275
1274556,0.019340206
1275040,0.021046512
1275307,0.031940673
1275434,0.19884045
1275693,0.04197335
1275779,0.021736197
1276040,0.13141426
1276637,0.027347973
1276780,0.017197846
1276835,0.017235475
1277187,0.09218019
1277199,0.028810097
1277258,0.052072216
1277467,0.15156677
1277559,0.030374046
1278004,0.44902867
1278164,0.08062309
1278199,0.14442956
1278255,0.68382734
1278853,0.008491692
1279524,0.14938308
1279536,0.17834422
1279782,0.011872918
1279950,0.01188301
1280362,0.05142377
1281139,0.021962665
1281936,0.09805977
1283142,0.018294087
1283641,0.007983699
1283684,0.047536075
1284616,0.009921072
1284680,0.019678041
1284795,0.05208534
1284832,0.07755507
1284985,0.13015595
1285307,0.012067586
1285489,0.21696773
1285912,0.046233445
1286580,0.05154903
1286627,0.123194255
1287354,0.0140195545
1287465,0.08724968
1287576,0.01579919
1288230,0.7304423
1288269,0.0873705
1288792,0.54311895
1289709,0.017884417
1289991,0.015796604
1290412,0.18178958
1290916,0.09073714
1290972,0.18492542
1291362,0.0068930313
1292159,0.06171538
1292286,0.5729101
1292878,0.24552795
1293373,0.01845562
1293461,0.4056033
1293897,0.004631984
1293975,0.015087855
1294056,0.0066285166
1294833,0.10653667
1294841,0.019854218
1295132,0.11182487
1295262,0.022409912
1295323,0.0663807
1295462,0.200193
1295547,0.007715248
1296130,0.026536016
1296421,0.054884765
1296479,0.0069466336
1296546,0.42563614
1297189,0.40176526
1297456,0.014121352
1297933,0.060881644
1299919,0.71504384
1300362,0.046949245
1300558,0.17897052
1300718,0.036510635
1300836,0.55911493
1301591,0.43200997
1301769,0.006058745
1301871,0.08532508
1301913,0.572339
1302179,0.12493176
1302356,0.012882507
1302611,0.17655104
1302827,0.108355984
1303002,0.0055436804
1303438,0.014989593
1303682,0.09507629
1304102,0.1846272
1304337,0.21551971
1304448,0.021092568
1305109,0.030324765
1305128,0.03163854
1306073,0.52322763
1306395,0.07064862
1306783,0.044379078
1307019,0.09423686
1307043,0.1099813
1307395,0.05394787
1307769,0.04365204
1307778,0.0027131708
1307789,0.13781159
1307853,0.09904344
1308198,0.033747457
1309182,0.03898069
1309447,0.0045540556
1309784,0.13962047
1310187,0.61384237
1310470,0.07987273
1311135,0.25635597
1311336,0.008417283
1311384,0.4362526
1311644,0.053557906
1311692,0.070095755
1311784,0.7325635
1312006,0.045473497
1312947,0.02773844
1313028,0.06720693
1313510,0.059872996
1313977,0.10017497
1314437,0.2273383
1314515,0.08458581
1315111,0.03336432
1315138,0.03948196
1315532,0.07478698
1315798,0.014323709
1315972,0.009601958
1316761,0.0635949
1316780,0.014735444
1317045,0.032675333
1317775,0.11243765
1317908,0.05071356
1318478,0.025588203
1318707,0.17749146
1318998,0.03381468
1319185,0.019953774
1319279,0.1679665
1319287,0.6189771
1319363,0.025771014
1319927,0.06211297
1320195,0.03503535
1320651,0.03280578
1321376,0.049548462
1321693,0.10115598
1322010,0.09238884
1322086,0.013628083
1322128,0.008774766
1322394,0.104718484
1322436,0.0667668
1322489,0.0044399933
1322754,0.0063582486
1324263,0.007125503
1324419,0.07081148
1324602,0.077291094
1324705,0.023596717
1325046,0.007886148
1325396,0.0053177536
1325523,0.51570517
1325804,0.23720632
1326212,0.070153184
1326413,0.06236953
1327481,0.026271062
1327730,0.026891846
1328604,0.04668309
1329049,0.0027250345
1329249,0.14947435
1329345,0.01591807
1329354,0.1662919
1329529,0.028061293
1329692,0.047226727
1330377,0.036572196
1330749,0.016251719
1331011,0.13154225
1331224,0.0062416936
1332028,0.017269883
1332660,0.06237836
1333124,0.24830809
1333237,0.0032894756
1333370,0.16853064
1333877,0.03639463
1334436,0.012788906
1334497,0.034331385
1334683,0.024760168
1335047,0.07724188
1335430,0.011402208
1335914,0.0077257426
1336180,0.03136604
1336386,0.15060337
1337836,0.14200735
1337840,0.13382117
1338008,0.033266988
1338124,0.03908252
1338783,0.03374392
1338798,0.04105226
1339470,0.052751534
1339516,0.215199
1339564,0.012420715
1340035,0.04127367
1340172,0.3704036
1340369,0.019067625
1340634,0.058882426
1341243,0.03880737
1341329,0.44703308
1341525,0.016862858
1341650,0.075652935
1341947,0.20012826
1342050,0.09397227
1342323,0.20606719
1342382,0.12936513
1342465,0.2998678
1342501,0.0126357535
1342659,0.11451857
1343763,0.30548275
1343859,0.05010173
1343896,0.11268254
1343919,0.46495107
1344166,0.07669096
1344481,0.055248145
1344893,0.093511984
1345234,0.0525552
1345405,0.0103655495
1346125,0.21585844
1346172,0.3743016
1346173,0.6427985
1346889,0.10061147
1347367,0.35424554
1347514,0.12870976
1347828,0.006125573
1347906,0.6741224
1348060,0.018946782
1348912,0.011476098
1349254,0.21833047
1349732,0.09229636
1350318,0.040360007
1350539,0.11100343
1351140,0.015947077
1351488,0.04633569
1351580,0.013263218
1352367,0.0643546
1352772,0.011685491
1354139,0.4451174
1354419,0.17652862
1355031,0.03483832
1355035,0.06264508
1355103,0.010521523
1357072,0.116349384
1357548,0.017297873
1357565,0.0455828
1357698,0.033748984
1358484,0.41633052
1358757,0.039032873
1358952,0.0062663597
1359136,0.04911236
1359703,0.031215208
1359706,0.07372461
1359870,0.013396371
1359994,0.0024375326
1360745,0.22839762
1360938,0.02808436
1361533,0.04620128
1362013,0.018190544
1362438,0.48831177
1364269,0.012015102
1364339,0.020619318
1364724,0.117192745
1365300,0.018023686
1365806,0.022967083
1366481,0.6349485
1366505,0.01985811
1366724,0.079725474
1367395,0.012390657
1367676,0.007858156
1368451,0.028758539
1368846,0.121083505
1369136,0.25470167
1369313,0.014205763
1369416,0.03431287
1369539,0.010420083
1369625,0.146326
1369937,0.030282993
1370303,0.015634364
1370340,0.022793053
1370473,0.24179982
1370646,0.053449955
1371029,0.08139647
1371483,0.06449267
1371647,0.048473433
1372439,0.0035063112
1372767,0.017346818
1373100,0.6299233
1373230,0.030051019
1373602,0.07225698
1373885,0.017458608
1374525,0.020413902
1374536,0.023302406
1374719,0.010130192
1375864,0.03776549
1376510,0.016733496
1376799,0.026708735
1377173,0.04274617
1377563,0.024372134
1377576,0.035051677
1377764,0.03551087
1378231,0.16377291
1378313,0.021833638
1378455,0.4179728
1378510,0.015660664
1379264,0.022692982
1379523,0.0108813625
1379547,0.48103446
1379693,0.21747968
1379974,0.037668828
1380313,0.22905335
1380739,0.01703587
1380991,0.02926592
1381317,0.009701084
1381506,0.6595445
1381749,0.03428505
1382408,0.16293587
1382709,0.24121155
1382941,0.05461564
1383001,0.39014328
1383082,0.05471282
1383619,0.06362239
1383781,0.033207837
1384084,0.84804213
1384179,0.05484823
1384732,0.017255483
1385936,0.01010275
1386000,0.20343551
1386216,0.07433825
1386621,0.029528841
1386738,0.45198458
1386806,0.09403738
1387085,0.0989163
1387235,0.007500266
1387254,0.021744011
1387596,0.027278254
1388043,0.2663855
1388561,0.1882819
1388580,0.09593604
1389284,0.0065824557
1389369,0.06413941
1389464,0.025732618
1389515,0.02962967
1389663,0.046033494
1390264,0.06264736
1390724,0.02080398
1391138,0.004369975
1391302,0.003969064
1391476,0.08718217
1392211,0.021176433
1392719,0.06475704
1393009,0.0070956526
1394356,0.3689308
1394385,0.12442965
1394403,0.032204013
1394733,0.1102696
1394866,0.01610162
1395225,0.2803662
1395854,0.0336035
1396252,0.15810294
1396657,0.007088386
1396734,0.0157994
1397317,0.8016273
1397496,0.015102197
1397883,0.030654853
1398221,0.04760961
1398258,0.059842754
1398657,0.058483426
1399353,0.024692368
1399515,0.039893486
1399809,0.004675117
1399976,0.0067637544
1401623,0.045670725
1401837,0.050274342
1402119,0.057548974
1402589,0.009087966
1402881,0.02974418
1403121,0.0068197455
1403569,0.055387277
1404198,0.0112201255
1404432,0.0127859255
1405251,0.09377906
1405761,0.04396669
1405990,0.18012086
1405997,0.12115899
1406506,0.08243205
1407086,0.041166864
1407366,0.01748993
1407623,0.006908358
1408205,0.6710054
1408462,0.20584622
1408967,0.24110395
1408990,0.5119736
1409339,0.06121423
1409446,0.12098237
1409923,0.03369784
1410896,0.03826923
1411211,0.035631634
1411454,0.23552656
1411784,0.0060612154
1411968,0.05334163
1412896,0.14936508
1413000,0.10662726
1414555,0.012586638
1415154,0.049112637
1415338,0.050251514
1415734,0.14639112
1415900,0.03180915
1415905,0.049085043
1416199,0.012082637
1416233,0.09718338
1416879,0.08293623
1417074,0.018667178
1417835,0.011167853
1417885,0.055814497
1418012,0.025588702
1418073,0.00808522
1418119,0.043878693
1418225,0.18391527
1418230,0.0370657
1419092,0.013722454
1419573,0.061507236
1420349,0.045000695
1420493,0.2280142
1420536,0.033785667
1421134,0.010540046
1421416,0.07400156
1421645,0.015536731
1422141,0.13923857
1422751,0.057154156
1423054,0.024069745
1423531,0.010401092
1423672,0.107078604
1424050,0.053293895
1424172,0.0067507294
1424365,0.02812989
1425430,0.12220505
1426120,0.068887554
1426289,0.06058694
1426292,0.039968286
1426966,0.023990467
1427181,0.042316627
1427239,0.026742132
1427316,0.05894665
1427515,0.2753021
1428839,0.033095308
1428977,0.084206395
1429412,0.016621588
1429657,0.018562198
1429902,0.005704895
1429977,0.036076978
1430290,0.11569118
1430686,0.01295772
1431005,0.089869715
1431158,0.11691948
1431579,0.01704733
1431839,0.03141334
1432320,0.06008044
1432455,0.1350591
1432486,0.019147364
1433372,0.13403854
1433470,0.9360216
1433534,0.05395755
1433584,0.0031719832
1433924,0.49314874
1433944,0.041192215
1434155,0.03427018
1434417,0.19162294
1434488,0.26831597
1434725,0.040122207
1434922,0.044346187
1434995,0.39264417
1435501,0.029443951
1435543,0.89717203
1436012,0.10548184
1436061,0.057505745
1436133,0.21459158
1436178,0.012106383
1436255,0.11977
1436431,0.040131252
1437201,0.014125482
1437205,0.23701292
1438529,0.04941753
1439379,0.08365425
1439514,0.053743027
1439662,0.045290582
1439835,0.017023234
1440532,0.10937267
1440558,0.065969475
1440693,0.029264368
1441116,0.15964381
1441364,0.008963224
1441581,0.0066026137
1441626,0.033861745
1441679,0.032217175
1441828,0.0039639566
1441970,0.046507675
1442010,0.017031668
1442381,0.08044409
1442429,0.006554946
1442542,0.40424478
1442767,0.25355154
1443317,0.12880701
1443542,0.028025642
1443697,0.025734538
1443893,0.01870676
1443998,0.13707699
1444516,0.3514245
1444731,0.011933916
1444744,0.0074747843
1445282,0.17760266
1445471,0.16980457
1445915,0.082252346
1446921,0.04314319
1446926,0.5942814
1447069,0.07355897
1447539,0.07013934
1448626,0.15550357
1448631,0.45504647
1448693,0.017330797
1448954,0.13666172
1449008,0.076824285
1449452,0.026477437
1450052,0.033295445
1450400,0.023179784
1450610,0.5613588
1451269,0.013940535
1452395,0.045807004
1452965,0.10308638
1453708,0.009389769
1453709,0.22941864
1454050,0.00552986
1454662,0.006980838
1454675,0.06470883
1455828,0.008721751
1456357,0.007999784
1456868,0.20141934
1456962,0.004472404
1457145,0.01877455
1457214,0.07665904
1458070,0.18955581
1458397,0.001790235
1458597,0.031537496
1458902,0.13924272
1458992,0.8379188
1459033,0.035338942
1459101,0.1678681
1459574,0.01138902
1460009,0.0774562
1460436,0.074331954
1460496,0.25517192
1460503,0.089234225
1460896,0.08352509
1460917,0.0099716205
1462763,0.11930559
1462785,0.08136173
1463565,0.016157633
1464351,0.0051965537
1465098,0.18292214
1465194,0.023720287
1465305,0.062790975
1465373,0.029218623
1466258,0.040923864
1466831,0.01050222
1466841,0.20603059
1467218,0.06133916
1468157,0.21778814
1468899,0.018198576
1468936,0.065460384
1469320,0.20767628
1469603,0.74409044
1469728,0.14186355
1470115,0.0059402836
1470385,0.015153163
1470565,0.019636214
1470592,0.3717843
1470959,0.027254688
1471577,0.03103225
1471916,0.15461315
1472148,0.29125932
1472424,0.11325913
1472772,0.00614818
1472888,0.10771228
1473008,0.07868446
1473495,0.017409654
1473556,0.024990415
1474225,0.015490566
1474287,0.075259626
1474355,0.025312347
1474757,0.053663533
1474758,0.001919011
1474860,0.03131287
1475401,0.036717754
1475440,0.13112599
1476886,0.0052820425
1477311,0.014912135
1477454,0.25342867
1477499,0.15783535
1477890,0.067999296
1477983,0.25665152
1478066,0.09724934
1478111,0.15800194
1478864,0.06405028
1479512,0.02114349
1480134,0.03333147
1480286,0.011317162
1481601,0.08675985
1481952,0.016695244
1482124,0.084727764
1482187,0.010693641
1482376,0.58538866
1482637,0.03151196
1482727,0.004794325
1484404,0.14196834
1485461,0.17207731
1485793,0.010539877
1486416,0.07286097
1487016,0.0052420283
1487060,0.01693312
1487372,0.26207575
1487517,0.16811894
1487565,0.38192606
1488383,0.015578067
1489570,0.1813987
1490871,0.033473037
1490892,0.026957158
1490991,0.22391064
1492612,0.78431636
1492948,0.015930107
1493168,0.021760607
1493493,0.026923202
1493883,0.003759985
1494069,0.03977738
1494234,0.0069642407
1494361,0.033448618
1494527,0.062325615
1494824,0.057703163
1494875,0.15911329
1495431,0.07116926
1496379,0.019977266
1496926,0.028426662
1497322,0.13157648
1497355,0.050298154
1497572,0.026921501
1497647,0.57145876
1497699,0.044137433
1497738,0.16702513
1498059,0.021387719
1498103,0.027959965
1499147,0.015756518
1499807,0.06517687
1500332,0.02105762
1500512,0.6032721
1500850,0.118113115
1500901,0.009779387
1501768,0.26487353
1502101,0.65089905
1502221,0.05254027
1502536,0.21246247
1503536,0.009197508
1504115,0.0961105
1504395,0.053029835
1504527,0.011548729
1504787,0.060529485
1504886,0.07647744
1505196,0.16227856
1506420,0.017113512
1506641,0.2533142
1506654,0.06493098
1506973,0.12335949
1507202,0.27248874
1508379,0.087765776
1509379,0.10375565
1509491,0.01187457
1509691,0.05228324
1510324,0.029185027
1510340,0.025510674
1510433,0.010443312
1510436,0.032333978
1510781,0.027744556
1510961,0.059984036
1511642,0.41461363
1511724,0.09126933
1511787,0.10750713
1512096,0.08738219
1512805,0.8541866
1513270,0.08021705
1513462,0.29278436
1513539,0.16131951
1513983,0.050589453
1514504,0.008799427
1515271,0.017272465
1515586,0.17092037
1515724,0.043114133
1515931,0.07861529
1516321,0.08788854
1516572,0.010902929
1516645,0.013388231
1517540,0.03323775
1517581,0.2436462
1517601,0.009332452
1517630,0.117793284
1518089,0.040259626
1518408,0.05224816
1519090,0.008547284
1519562,0.012305138
1519811,0.014893739
1520050,0.038000014
1520149,0.32503444
1520158,0.5335904
1520358,0.03364484
1520408,0.008164585
1521146,0.028701516
1521158,0.00928714
1521327,0.43743327
1521523,0.008132917
1521694,0.011116722
1522205,0.32848153
1523155,0.10548039
1523196,0.04392635
1523696,0.046286922
1523814,0.081641406
1523822,0.37038118
1524096,0.065940455
1525134,0.012702097
1525363,0.016408427
1525533,0.065959916
1525748,0.022870928
1525765,0.22530906
1526296,0.041325115
1527155,0.06445132
1527173,0.15685822
1527309,0.09722458
1527745,0.094502896
1528487,0.007668022
1528517,0.07806981
1528685,0.028655086
1528827,0.076171495
1529161,0.047035366
1529236,0.10954009
1529445,0.027824914
1529579,0.0123636685
1529724,0.1574347
1529814,0.5702649
1529956,0.15797839
1530073,0.073786385
1530809,0.1468928
1530914,0.013922875
1531101,0.009812244
1531196,0.07841784
1531497,0.16459247
1531654,0.010080998
1532032,0.02862971
1532111,0.24812056
1532158,0.023269046
1533186,0.029535545
1533479,0.01724218
1534009,0.015415886
1534039,0.45433477
1534504,0.17900361
1535273,0.07220189
1536131,0.008749076
1536722,0.058205344
1537354,0.3329217
1538520,0.012469026
1538560,0.011279184
1538733,0.203237
1538925,0.07524303
1539746,0.59263873
1539974,0.024406292
1540060,0.008027907
1540080,0.023804007
1540092,0.06692947
1540453,0.0069903275
1540730,0.09291032
1541703,0.071357295
1542123,0.17471623
1543143,0.010665555
1543523,0.57006013
1543974,0.12551183
1544562,0.014885464
1545034,0.008421224
1545878,0.04247888
1545940,0.011230028
1546086,0.31790972
1547135,0.017103825
1547170,0.013458167
1548229,0.18666327
1548292,0.023737852
1548827,0.029899027
1549006,0.17190143
1549190,0.0436512
1549854,0.024584725
1550348,0.0768219
1550633,0.2251106
1550830,0.0524528
1550866,0.20931897
1551265,0.027361752
1551369,0.1113242
1552004,0.17065194
1552014,0.18634862
1552067,0.26195207
1552211,0.04451945
1552546,0.057247374
1552953,0.50182545
1553150,0.031936992
1553335,0.06393949
1554306,0.1050665
1554433,0.043352716
1554902,0.03051984
1554956,0.054726128
1555554,0.01935341
1556178,0.05291713
1556266,0.8149904
1556487,0.01580192
1557260,0.009100074
1557760,0.017384028
1558135,0.32403934
1559660,0.006089759
1559858,0.11056948
1560060,0.04130773
1560109,0.035698958
1560712,0.02688166
1561006,0.029749183
1561231,0.06992816
1561379,0.022584554
1561613,0.19675882
1562246,0.027538717
1562377,0.019396072
1562466,0.06929367
1562818,0.34423602
1563352,0.38408905
1564479,0.017797377
1564615,0.014190738
1564957,0.014843178
1565417,0.037396196
1565505,0.04492576
1565726,0.015597574
1566831,0.0961626
1567400,0.85902256
1567603,0.004110179
1567623,0.061365113
1568073,0.009802913
1568123,0.03006513
1568494,0.06361075
1569391,0.07505787
1569452,0.024343397
1569767,0.12032546
1569809,0.16432463
1570110,0.085033596
1571170,0.007117926
1571261,0.05396368
1571302,0.26397258
1571385,0.06800288
1572480,0.04779902
1572556,0.093727
1573016,0.019036131
1573031,0.21231101
1573116,0.022305608
1573280,0.043449968
1574181,0.032710735
1575430,0.009143237
1576041,0.008675879
1576806,0.03966078
1577774,0.067687504
1577842,0.050114315
1577854,0.011720274
1578408,0.052657496
1578554,0.1268672
1578811,0.18344915
1579004,0.39489874
1579299,0.35269868
1579317,0.012425377
1579654,0.013830336
1580425,0.084578566
1580716,0.054470696
1580757,0.019142024
1581865,0.04325505
1582187,0.016019622
1582215,0.01567811
1582352,0.0044367383
1582418,0.46060377
1582609,0.19031475
1582772,0.052112628
1582800,0.13187799
1583027,0.053756308
1584421,0.100126624
1584434,0.03398474
1584468,0.011291187
1584510,0.010082797
1585384,0.055171
1586374,0.023610823
1586455,0.011706694
1587075,0.11781409
1587198,0.048823975
1587626,0.007429396
1587677,0.011797884
1587972,0.015055755
1587975,0.15677613
1587979,0.5999065
1588703,0.017872369
1589052,0.050779656
1589214,0.013568568
1589932,0.010841144
1589934,0.08329028
1590075,0.061334267
1590092,0.040948503
1590415,0.006095369
1590904,0.010342516
1590932,0.7432746
1591012,0.033999566
1591089,0.6229886
1592242,0.016170068
1592332,0.008999316
1592336,0.0499671
1592374,0.11283459
1592955,0.23922996
1593069,0.19279481
1593838,0.018925574
1594100,0.13703442
1594181,0.08260011
1594347,0.1689773
1594677,0.063726164
1594722,0.04808542
1594912,0.086447045
1595086,0.018692514
1595716,0.036552664
1595791,0.21376428
1595922,0.013262375
1595943,0.012283344
1597290,0.033201557
1597491,0.06077516
1598079,0.066786095
1598539,0.009828306
1599556,0.03248809
1600630,0.9254839
1600859,0.33620182
1600928,0.00968758
1601250,0.21730833
1601388,0.027009383
1601946,0.011750253
1602937,0.00863112
1603537,0.02792368
1604074,0.0116167655
1604518,0.03012854
1604765,0.05819174
1605077,0.12840654
1605117,0.00727229
1605144,0.45665
1605314,0.022419853
1605483,0.14389242
1605511,0.036285445
1605651,0.4832888
1606216,0.04150551
1606261,0.01176213
1606528,0.1375118
1607112,0.10535787
1607211,0.037434082
1607421,0.028036132
1607635,0.06626256
1607684,0.12628968
1607968,0.030569324
1608153,0.5382647
1608249,0.18533969
1608740,0.008164898
1608827,0.1985386
1608861,0.30273786
1609231,0.030496357
1609952,0.00702968
1610463,0.007451134
1610582,0.026708651
1610748,0.01667567
1611077,0.011411042
1611542,0.014991593
1611548,0.004176903
1611884,0.088600144
1612620,0.30037057
1613151,0.32575554
1613163,0.04515845
1613450,0.014509551
1613722,0.025256097
1614134,0.037305612
1614671,0.037554715
1615101,0.08284224
1615202,0.17338377
1615864,0.022630388
1616146,0.2530423
1616162,0.021585625
1616404,0.07580834
1617306,0.013524863
1617643,0.14203429
1618196,0.13051368
1618773,0.010024558
1618878,0.51092607
1619824,0.48465374
1620250,0.01027615
1620606,0.012614094
1621068,0.0012899596
1621192,0.019106902
1621580,0.0077634812
1622301,0.55298215
1622481,0.005214805
1622492,0.013372268
1623795,0.07596179
1623821,0.0879169
1623979,0.40193963
1623985,0.42573452
1625311,0.05081245
1625515,0.019234141
1625717,0.09409706
1625855,0.024072757
1626301,0.04400609
1626425,0.10576897
1626952,0.04232202
1627009,0.8727316
1627034,0.044469085
1627107,0.005700453
1627135,0.017268758
1628525,0.28174832
1628591,0.5954118
1629016,0.055218052
1629198,0.3950155
1630000,0.080857575
1630670,0.046379503
1630805,0.08595536
1631345,0.44351557
1631526,0.085016534
1631673,0.013599494
1632728,0.03985693
1632891,0.15762943
1632988,0.07569383
1633491,0.022802455
1633672,0.019110888
1634116,0.009267181
1634152,0.8410321
1635121,0.099815905
1635316,0.0713456
1635975,0.014232108
1636620,0.110656455
1636695,0.004190643
1636812,0.0191949
1637236,0.013868805
1637326,0.066692226
1637419,0.019916909
1638187,0.24424647
1638190,0.013982311
1638320,0.037660256
1640421,0.06321451
1640564,0.305362
1640643,0.022380853
1640725,0.4587586
1640787,0.15710264
1641244,0.11518312
1641453,0.15221792
1641766,0.0041127233
1642890,0.039607603
1643100,0.008469599
1643728,0.050634235
1644115,0.06711851
1644127,0.15295835
1644810,0.013064746
1645084,0.044640943
1645240,0.0047254283
1645826,0.2331402
1646001,0.015833765
1646086,0.059771515
1646344,0.33781606
1647357,0.09230339
1647361,0.011972425
1647612,0.017286109
1647705,0.01405514
1648804,0.011859936
1648923,0.08717875
1648998,0.011470295
1649605,0.04873877
1649672,0.035789587
1650088,0.23155214
1650230,0.28668782
1650249,0.07236432
1650272,0.02116845
1650323,0.14457227
1650596,0.017032187
1650912,0.010402432
1651279,0.032952357
1651628,0.20151477
1651901,0.06681383
1651914,0.013291855
1651921,0.039060935
1652150,0.4111047
1652165,0.7868864
1652464,0.010587518
1652508,0.043014888
1653104,0.012413966
1653516,0.027660059
1654746,0.0057217334
1655008,0.38510874
1655121,0.019152233
1655469,0.13968211
1655501,0.15809561
1655602,0.026906293
1655641,0.09210698
1656510,0.17019925
1656545,0.396666
1656723,0.011018631
1657109,0.009670056
1657141,0.15378082
1657177,0.15537444
1657302,0.44370845
1657303,0.0026268635
1657532,0.038291987
1657709,0.035576653
1658031,0.012242117
1658302,0.037676763
1658331,0.09816679
1658531,0.48989385
1658549,0.32688984
1658815,0.035800193
1659670,0.07695838
1660130,0.109626904
1661120,0.17366724
1661155,0.032925412
1662044,0.024160556
1662667,0.26040456
1662723,0.22212666
1662903,0.011688084
1663036,0.06394602
1663097,0.18382427
1663134,0.13211371
1663251,0.005742142
1663319,0.11005913
1663539,0.16127828
1663631,0.0043908875
1663878,0.015952885
1664774,0.04300487
1665303,0.047193985
1665937,0.17034842
1667813,0.10971262
1668203,0.008435909
1668497,0.020637102
1669148,0.002799931
1669163,0.022798423
1669439,0.016437743
1669859,0.011966154
1670479,0.07472153
1671092,0.058718167
1671267,0.09616691
1671513,0.040672977
1671736,0.051191296
1671893,0.08435397
1671979,0.04116052
1672153,0.016609712
1672810,0.0036557524
1672898,0.063763596
1673181,0.05251393
1673692,0.8925721
1674134,0.10163452
1674447,0.14763884
1674598,0.47960016
1675518,0.017549692
1675986,0.014315073
1676292,0.25396016
1676531,0.008026856
1677050,0.07553024
1677116,0.026185319
1677220,0.010099936
1677256,0.0112069715
1677903,0.23050259
1677974,0.031232985
1678265,0.2431126
1678523,0.025332088
1678667,0.053787556
1679663,0.82610613
1679979,0.010969619
1680069,0.018171081
1680314,0.3186167
1681149,0.43693888
1681674,0.052218277
1682342,0.12679859
1682511,0.082167685
1682590,0.11234403
1683815,0.1865114
1683833,0.03337753
1683876,0.010270973
1683961,0.25220364
1683989,0.023391813
1684522,0.009604956
1684538,0.23661417
1685341,0.1506623
1685623,0.025503878
1685634,0.13183126
1685741,0.83805126
1685763,0.030277722
1685975,0.06944423
1686620,0.0061597284
1687264,0.24386844
1688435,0.019045327
1688801,0.53450954
1690296,0.5824337
1690398,0.0073477942
1690644,0.08019631
1690656,0.07015783
1691776,0.022570027
1691831,0.86451316
1691980,0.04459159
1692258,0.012135801
1692273,0.035736017
1693296,0.032860354
1693328,0.13730133
1693392,0.1209315
1694017,0.019907942
1694077,0.011743272
1694094,0.013246753
1694496,0.0042388127
1695380,0.055272423
1695931,0.42349938
1696526,0.011754694
1696689,0.10392678
1696983,0.38769528
1697185,0.021462522
1697869,0.13605365
1697965,0.007072158
1698068,0.0051198
1698248,0.021170344
1698256,0.043830626
1698351,0.30722013
1698370,0.027611125
1698514,0.015801104
1699146,0.016700968
1700623,0.027128048
1701168,0.011052785
1701527,0.016946541
1701653,0.08781057
1702129,0.019993251
1702168,0.3332974
1702437,0.10613271
1702556,0.05292229
1702670,0.17076264
1702712,0.044200867
1702771,0.006051396
1703231,0.075089395
1703408,0.2190173
1703411,0.010041356
1703705,0.010999121
1704080,0.0674797
1704147,0.16475707
1704668,0.100069664
1705396,0.07175072
1705513,0.026948847
1705606,0.00481009
1705709,0.12409818
1705731,0.03460845
1706054,0.017453399
1706337,0.020994067
1706349,0.023572056
1706566,0.3309896
1706746,0.1630553
1707077,0.15420407
1708556,0.30208698
1708721,0.10830928
1709101,0.008921349
1709976,0.053180594
1710166,0.022518178
1711217,0.03627483
1711538,0.09724607
1711623,0.025722684
1711697,0.056994505
1711766,0.013198101
1712042,0.079755045
1712107,0.10184524
1712431,0.0075569334
1712441,0.09505279
1712874,0.3451179
1712883,0.2314133
1712908,0.34541813
1713147,0.12299051
1713554,0.09851208
1713816,0.53701395
1714008,0.18077186
1714463,0.07533123
1714789,0.036487922
1714863,0.12165107
1714987,0.017333096
1715164,0.020799333
1715383,0.0104251
1715462,0.05725118
1715596,0.009837707
1717075,0.046323184
1717823,0.009834145
1717935,0.018550698
1718461,0.007774887
1718545,0.1142678
1718744,0.1258769
1719116,0.041278962
1720244,0.015645418
1720273,0.38340843
1720391,0.06373743
1721727,0.06296584
1721835,0.027761683
1721865,0.042369988
1722910,0.051992834
1722941,0.011069545
1722964,0.2896496
1723085,0.016971238
1723168,0.007985078
1723368,0.025290761
1723521,0.039665196
1723592,0.005968872
1723695,0.0112003945
1723990,0.0033487345
1724056,0.47766736
1724328,0.18934684
1724639,0.0069635017
1724758,0.06637944
1724904,0.03878836
1725463,0.018565878
1725570,0.018175604
1725608,0.042324755
1725753,0.09270079
1726605,0.30900759
1726705,0.298006
1726946,0.09358655
1728052,0.02010662
1728345,0.11331062
1729206,0.018455354
1729808,0.01868595
1729994,0.20122534
1730522,0.080368064
1730691,0.19368355
1730792,0.16238973
1730930,0.0036560078
1730980,0.07287819
1732035,0.15662281
1732358,0.06230552
1732896,0.27375922
1733194,0.020305477
1733245,0.07530628
1733309,0.21060874
1733398,0.0075369547
1734563,0.031301253
1734728,0.10990562
1734820,0.016626092
1735074,0.11800366
1735203,0.023547785
1735441,0.029331034
1735675,0.1744354
1736116,0.00842721
1736589,0.18078221
1736645,0.23341304
1736838,0.017666006
1736881,0.012324921
1736940,0.018328385
1737157,0.014177723
1737280,0.36578068
1738207,0.009919016
1738583,0.0599233
1738928,0.059361223
1740169,0.016159823
1740255,0.100522324
1740343,0.2628981
1740364,0.014820261
1740557,0.0043631876
1740841,0.024261542
1740868,0.016185308
1740977,0.028677583
1741298,0.0035585233
1741324,0.3186377
1741848,0.05455312
1742439,0.006685963
1742457,0.024414139
1742571,0.0544701
1743051,0.035792667
1743782,0.18107712
1743929,0.03279228
1744013,0.11437896
1744056,0.015555947
1744284,0.035508227
1744322,0.41962224
1744701,0.030894838
1744852,0.031149082
1744854,0.022990342
1745087,0.09321731
1745257,0.14247498
1745379,0.016226444
1745397,0.05920963
1745419,0.046237353
1746328,0.47044224
1746457,0.052270103
1747253,0.014202337
1747350,0.013268362
1748090,0.13727108
1748217,0.13551626
1748233,0.069229536
1748262,0.049433682
1748439,0.13833143
1748922,0.04600896
1749215,0.03512259
1749432,0.040790305
1749481,0.21467224
1749507,0.012781443
1749601,0.034464173
1749851,0.29095182
1750402,0.06141161
1750414,0.38124892
1750761,0.051701933
1750864,0.0066315094
1750869,0.013716564
1751652,0.08376183
1751855,0.006215122
1751961,0.6851792
1752010,0.19181037
1752604,0.002687221
1752794,0.03740534
1753149,0.005073286
1753493,0.018148255
1754520,0.035936046
1754886,0.016379768
1755171,0.021282896
1755455,0.008514068
1755464,0.04265931
1755560,0.06084393
1755776,0.037533373
1755902,0.029552476
1756257,0.027687851
1756471,0.0505479
1756526,0.017547233
1756615,0.16449808
1756660,0.11841566
1757003,0.099837564
1757127,0.045838162
1757596,0.020540945
1757861,0.045398112
1757884,0.033548567
1758330,0.03631041
1758402,0.028926011
1758614,0.33056
1758750,0.135905
1758926,0.009095526
1759123,0.022025298
1759486,0.028421849
1760086,0.022772824
1760700,0.020506075
1760713,0.049882684
1760794,0.04691852
1760913,0.013362903
1761213,0.10931086
1761431,0.056297496
1761488,0.013255788
1761818,0.028477548
1762190,0.021575375
1762433,0.4322997
1762773,0.049152255
1763005,0.22940469
1763093,0.027324645
1763518,0.053110797
1763563,0.011806348
1763745,0.22105217
1764415,0.059225615
1765602,0.040702384
1765731,0.044555508
1765770,0.023400616
1765959,0.009662926
1766098,0.09937913
1766214,0.013007726
1766685,0.046464592
1766741,0.034593176
1766909,0.09282084
1766923,0.11385675
1767501,0.011523342
1767627,0.3011611
1767799,0.014197065
1768236,0.032688547
1768369,0.032095805
1768675,0.009046578
1768786,0.64819753
1768818,0.035365738
1768934,0.024069084
1768959,0.016966252
1768975,0.096989825
1768997,0.09812993
1769068,0.018627392
1769378,0.07078408
1770446,0.0899495
1771176,0.01847632
1772230,0.042417385
1772577,0.0771512
1772801,0.033672795
1773296,0.0034729505
1773575,0.022249704
1773932,0.16656372
1774669,0.03514821
1775305,0.035033133
1775417,0.025590284
1775712,0.010159147
1776107,0.1288934
1776591,0.0035624397
1776757,0.0037141228
1777137,0.0026101698
1777205,0.022030573
1777885,0.13880622
1778167,0.008222239
1778331,0.10496515
1778456,0.055412643
1778517,0.5228209
1778520,0.01926683
1778545,0.011668849
1778690,0.019849751
1778785,0.011887059
1778868,0.03836578
1779090,0.16097458
1779768,0.016182013
1779884,0.044375256
1779926,0.081002794
1780116,0.10550092
1780615,0.11677503
1782101,0.45424765
1782451,0.83021855
1782550,0.0035121238
1782835,0.17176032
1782911,0.009251391
1783034,0.03576603
1783743,0.020179275
1784239,0.12309654
1784477,0.0027855292
1784715,0.012513399
1785039,0.070911445
1785253,0.5138612
1785747,0.12053652
1786059,0.05785817
1786402,0.029561969
1786535,0.03749165
1786639,0.015960718
1786670,0.14089277
1787728,0.3671005
1787850,0.009933707
1788675,0.011207754
1789021,0.028462697
1790475,0.009045211
1790698,0.15061331
1791648,0.004820492
1791713,0.19559646
1792360,0.043700587
1792803,0.010807055
1793120,0.08419301
1793558,0.014121736
1793603,0.16318558
1794053,0.12821577
1794059,0.04020082
1794581,0.091413386
1794923,0.03607116
1794989,0.087667726
1795648,0.007541361
1796041,0.02685876
1796135,0.021765668
1796263,0.23749526
1796482,0.121881045
1797134,0.06957177
1798094,0.7287396
1798125,0.1949123
1798347,0.042263493
1799371,0.048647467
1799541,0.033853658
1799710,0.10413686
1799845,0.0134967845
1799952,0.2451534
1800318,0.47678193
1800378,0.3462788
1800614,0.09143216
1800816,0.03920157
1800849,0.06886117
1802202,0.020891467
1802482,0.0122529445
1803141,0.010065636
1803198,0.20392305
1803270,0.015730191
1803499,0.15606269
1803557,0.051717456
1803960,0.02454602
1804288,0.014497106
1804364,0.053592227
1804373,0.09631676
1804430,0.30880287
1804543,0.090138406
1804997,0.09855084
1805206,0.081745
1805318,0.03809082
1805463,0.08058462
1805728,0.098652385
1805803,0.041562952
1806295,0.020828454
1806732,0.021685498
1806874,0.008782121
1806926,0.1672829
1807192,0.044740558
1807453,0.121300794
1807579,0.016056214
1807588,0.010117462
1807946,0.4932148
1808149,0.004957035
1808262,0.1372658
1808663,0.024042126
1808914,0.008366323
1809103,0.14011662
1809302,0.027509712
1809585,0.006834417
1810516,0.06561242
1812077,0.0062217787
1812177,0.057583198
1813163,0.07278515
1813648,0.15298271
1813840,0.17504619
1814330,0.18860683
1814379,0.082920074
1814688,0.0024958586
1814851,0.005786931
1814926,0.026186967
1815600,0.2459239
1817168,0.02046561
1817436,0.66440684
1817501,0.006569556
1817602,0.22631629
1817775,0.020791147
1817935,0.087484986
1818996,0.16788888
1819041,0.14261983
1819143,0.25171846
1820280,0.19618931
1820679,0.1428814
1820814,0.20514101
1821449,0.69786775
1821489,0.05156998
1821863,0.007294876
1822708,0.02411794
1822774,0.22106704
1822872,0.043157216
1822940,0.14624678
1823637,0.06544206
1823965,0.8048611
1823993,0.03959613
1824329,0.45471126
1824367,0.13477011
1824526,0.05600116
1824544,0.022732317
1824566,0.010147267
1824669,0.01660543
1824726,0.06563216
1825045,0.06789855
1825112,0.027737804
1825736,0.007552618
1826015,0.018584419
1826474,0.010190261
1826526,0.038216777
1827879,0.0045306357
1828571,0.04953342
1829029,0.13733995
1829377,0.33629355
1829379,0.045693915
1830709,0.012979418
1830978,0.18988223
1831184,0.014313162
1831475,0.080903925
1831904,0.09063332
1832028,0.036098953
1832744,0.07296487
1832921,0.009582543
1832978,0.050603453
1833243,0.052352495
1833635,0.14600024
1833691,0.122557215
1833888,0.0016440134
1834487,0.018474966
1834548,0.8069369
1834829,0.19634664
1835314,0.064715385
1836557,0.035749115
1836706,0.021027151
1836904,0.111895464
1837034,0.057280187
1837186,0.0077053574
1838419,0.028303094
1838834,0.024129227
1839527,0.3000978
1840283,0.17264275
1840330,0.011048955
1840514,0.03256597
1840596,0.05202903
1840707,0.014166598
1841076,0.090374164
1841243,0.14870477
1841975,0.050053425
1842089,0.034958463
1842522,0.10916924
1843747,0.02579661
1843907,0.03179406
1844436,0.023062224
1844538,0.048936933
1846251,0.01299717
1847067,0.10945971
1847130,0.041973405
1847302,0.6815154
1847931,0.26162875
1847945,0.06943508
1848552,0.02379622
1848743,0.6414108
1848895,0.09800792
1849020,0.045128345
1849141,0.17677206
1849264,0.027776701
1849566,0.024125347
1850177,0.011570838
1850236,0.008514237
1851179,0.09972201
1851345,0.42672595
1851694,0.07440374
1851870,0.01030996
1851898,0.007597887
1853297,0.10365808
1853728,0.36558998
1853926,0.023351079
1854330,0.030874258
1854863,0.021875797
1854957,0.011871011
1855143,0.02699673
1855228,0.020063171
1855229,0.015835073
1855264,0.079970844
1855399,0.061120916
1855442,0.015739141
1855529,0.110218264
1855972,0.005491613
1856302,0.042828016
1857255,0.06521443
1857379,0.17521305
1857514,0.045883607
1857630,0.13704844
1857898,0.012323569
1857901,0.08574527
1857956,0.06334233
1858291,0.0864976
1858407,0.009052457
1859010,0.038830843
1859039,0.1566391
1859463,0.005123221
1859767,0.06227514
1859827,0.14940971
1860076,0.0089509655
1860180,0.059878364
1861496,0.07351654
1862648,0.04238544
1862956,0.09614476
1863151,0.1463063
1863563,0.04764631
1863923,0.029736428
1863945,0.21758142
1864900,0.014880906
1864952,0.020445717
1866091,0.0260239
1866097,0.1941514
1866115,0.003463759
1866153,0.010366944
1866200,0.04625599
1866496,0.050825343
1866638,0.06472911
1866669,0.0906197
1867156,0.0110351145
1867766,0.0444524
1868010,0.028347973
1868705,0.100008294
1868764,0.03265377
1869069,0.004021735
1869094,0.27118447
1869454,0.026715796
1870063,0.027548308
1870509,0.06977108
1870598,0.0059753293
1870658,0.0050290124
1871074,0.006720369
1871302,0.015242114
1871608,0.038875774
1872054,0.026775729
1873047,0.060464844
1873435,0.09102643
1873965,0.16879572
1874358,0.25668296
1874810,0.08946091
1874813,0.08634857
1874843,0.15542649
1874971,0.20444928
1875038,0.011199518
1875090,0.0055989577
1875813,0.307354
1876928,0.024697976
1877492,0.03270436
1877623,0.015267205
1877783,0.018725963
1878410,0.015344412
1878798,0.25121915
1878952,0.063051745
1879724,0.24714394
1879820,0.009373355
1880481,0.06390405
1880906,0.06569992
1880928,0.11553151
1880968,0.5146837
1881329,0.06478105
1881368,0.052166983
1881970,0.058940627
1882779,0.017521702
1883365,0.020837994
1883443,0.034517072
1883770,0.022381369
1884135,0.011551854
1884373,0.010144695
1884729,0.012552295
1884954,0.0341425
1885134,0.041339397
1885283,0.026424892
1886601,0.10087989
1886629,0.21767983
1886987,0.46337166
1887018,0.0034650797
1887315,0.050960314
1887567,0.09292151
1888040,0.13563576
1888099,0.0503259
1888257,0.02337484
1888698,0.07619988
1889043,0.11258092
1889095,0.025619455
1889467,0.09776771
1889671,0.047059044
1889984,0.0047748825
1890011,0.10816949
1890655,0.0660733
1891136,0.064500466
1891141,0.4382093
1891735,0.046063595
1892468,0.027242523
1892746,0.06855824
1892796,0.022261929
1892838,0.01440499
1892969,0.7847913
1893151,0.0186719
1893439,0.019413238
1893642,0.005465015
1893977,0.016148048
1894339,0.09449581
1894442,0.028505225
1894450,0.033325624
1895331,0.02410195
1895371,0.03286118
1895655,0.021714622
1895775,0.65259695
1896662,0.036863785
1897362,0.033652276
1897949,0.097574584
1897979,0.06819485
1898355,0.07546631
1898532,0.07955594
1899098,0.05790767
1899670,0.5458964
1899739,0.029078154
1900229,0.35566652
1900347,0.041807175
1900675,0.021482756
1900769,0.06632013
1900803,0.062379356
1901752,0.022301776
1902117,0.05250554
1902175,0.08905318
1902475,0.013673076
1902953,0.08372263
1903763,0.9376275
1904160,0.14944877
1906091,0.016666008
1906131,0.012848244
1906343,0.011019877
1906484,0.019987151
1907017,0.06773467
1908443,0.0135498615
1908560,0.11835529
1908573,0.12711142
1908655,0.055226583
1909167,0.2269933
1909566,0.025228346
1909834,0.7792556
1910335,0.015478173
1910511,0.07992206
1911811,0.13686007
1912256,0.27089554
1913297,0.109089114
1913357,0.07076542
1913527,0.06854617
1913918,0.032425553
1914133,0.08650698
1914558,0.08301685
1914730,0.037930775
1916067,0.01666279
1916875,0.17148533
1917030,0.06561377
1917334,0.09831657
1917375,0.36910364
1917377,0.04091118
1917674,0.20517737
1917723,0.028028188
1918475,0.009994444
1918506,0.90541536
1918519,0.12529379
1918735,0.0055298917
1918757,0.16798477
1918917,0.0190088
1919410,0.033976693
1920231,0.10656845
1920237,0.051083963
1920402,0.018880257
1920422,0.24721168
1920742,0.07015334
1920879,0.034117796
1921967,0.019905236
1922311,0.017784595
1923077,0.03370554
1923256,0.0134755
1923309,0.008171717
1923318,0.29061055
1923584,0.68526095
1924026,0.006461408
1925174,0.45536488
1925201,0.41348743
1925920,0.06570275
1926205,0.06727175
1927343,0.0055048475
1927583,0.035960604
1927767,0.07900445
1928206,0.40390122
1928621,0.28823906
1928798,0.276165
1929162,0.018529724
1929393,0.05870541
1931889,0.003769813
1932448,0.030126605
1932926,0.10236128
1933359,0.027818477
1933553,0.5205457
1933827,0.03815705
1933905,0.10443858
1934164,0.116735145
1934241,0.009028318
1934705,0.0923103
1934995,0.21498892
1936102,0.6990594
1936199,0.10674387
1936262,0.103206515
1936735,0.02695941
1937373,0.016992062
1937555,0.039962735
1937889,0.013017212
1938392,0.007381587
1938440,0.09974881
1938751,0.03872399
1938948,0.03102666
1939624,0.13152191
1939955,0.075083084
1940218,0.09114567
1940326,0.07358889
1940610,0.9061062
1941115,0.0062675797
1942420,0.46497837
1942870,0.056525107
1943013,0.16810419
1943110,0.17434643
1943261,0.06423907
1943344,0.96895915
1943519,0.10653027
1943689,0.0076037
1944005,0.045707714
1944011,0.04426254
1944074,0.0069392854
1944316,0.20455118
1944963,0.111639835
1945067,0.47699305
1945633,0.121041834
1946225,0.07281889
1947337,0.14501815
1947386,0.011086036
1947416,0.027225588
1947561,0.12292463
1947612,0.015442247
1947859,0.020099353
1947981,0.024234008
1948191,0.014453434
1948306,0.01654229
1948624,0.011499202
1948628,0.14837813
1949081,0.018720023
1949803,0.06805981
1949880,0.021966157
1950043,0.02866856
1950449,0.19293211
1950611,0.026301067
1950729,0.0066851457
1951418,0.045478888
1951607,0.051144186
1951659,0.020340828
1951735,0.24102774
1952053,0.011052249
1952239,0.0104567185
1952595,0.010654773
1953032,0.13588414
1953214,0.22869073
1954222,0.16438164
1954522,0.014744787
1954920,0.01825253
1955266,0.027208097
1955639,0.055618152
1956026,0.07356489
1956596,0.009140931
1956858,0.011222777
1957061,0.0210912
1957742,0.029195402
1957805,0.045080896
1958103,0.06481366
1958168,0.17662114
1958656,0.20755132
1958741,0.12615792
1958862,0.050405852
1959162,0.03839586
1959241,0.08184759
1959334,0.0359499
1959795,0.20954178
1960265,0.08084838
1960656,0.00985354
1961010,0.4613872
1961146,0.020488214
1961186,0.30541003
1961911,0.010175165
1962135,0.07495037
1962597,0.014335702
1962623,0.032588046
1962826,0.14691705
1963408,0.1473205
1963434,0.072804675
1963658,0.79860944
1964291,0.33856502
1964317,0.56416166
1964349,0.0034573986
1964409,0.50308365
1965888,0.041759394
1965990,0.00422119
1966257,0.01331247
1966742,0.73424554
1967124,0.15333995
1967306,0.029796546
1967417,0.45859176
1967588,0.36309165
1967634,0.015438063
1967992,0.011358094
1968237,0.15228081
1968354,0.010216347
1968370,0.05008669
1968708,0.014273492
1969615,0.090772495
1970095,0.096784234
1971303,0.016657408
1971430,0.082326375
1971796,0.07854006
1973177,0.009565185
1973354,0.16230468
1974195,0.009725931
1974921,0.043492857
1975975,0.009243094
1976035,0.09980332
1976303,0.10840766
1976404,0.031054914
1976648,0.053925857
1976890,0.038314093
1976891,0.010052815
1977147,0.014498905
1977862,0.008526741
1978298,0.032406617
1978529,0.10736532
1979060,0.4519316
1979129,0.0054729665
1979692,0.41563535
1979726,0.008751967
1979755,0.028537985
1980430,0.09262452
1980561,0.036711212
1980718,0.013942357
1981178,0.055562537
1981214,0.1139461
1982218,0.07869222
1982587,0.021083424
1982945,0.21228555
1983406,0.01798797
1983465,0.049174603
1983654,0.06466438
1984147,0.023002239
1984409,0.020524519
1985310,0.05036052
1985557,0.0097170025
1985914,0.36346152
1986041,0.05899732
1986955,0.12912232
1987068,0.22767371
1988412,0.112186834
1988592,0.015540985
1988903,0.25948387
1989163,0.06790869
1989245,0.27262124
1989787,0.014394731
1990392,0.0041951006
1991581,0.086566985
1991976,0.17996523
1992030,0.21940659
1992881,0.03255023
1993211,0.24763416
1993285,0.1742697
1993710,0.07865047
1993894,0.10114572
1994379,0.32235828
1994482,0.03267798
1994524,0.085062794
1994852,0.18035972
1995115,0.7704774
1996054,0.022070857
1997137,0.010856823
1997379,0.019229349
1997769,0.2186607
1997880,0.079217
1998067,0.93354326
1998774,0.03333144
1999088,0.038279567
1999455,0.09349267
1999691,0.04701084
1999720,0.13605236
1999908,0.08172489
1999996,0.15860736
